Модель,Test Accuracy (%),Параметры
Линейная,57.599999999999994,10038
SGC (K=2),82.5,10038
MLP (ReLU),57.199999999999996,92359
